Model,Accuracy,Precision,Recall,F1_Score,AUC_ROC,Train_Accuracy,Train_F1,CV_Mean_F1,CV_Std_F1,Train_Test_Gap_Acc,Train_Test_Gap_F1
LightGBM Default,0.9649,0.9589,0.9474,0.9531,0.9912,0.9868,0.9812,0.9498,0.0281,0.02190000000000003,0.028100000000000014
LightGBM Tuned,0.9737,0.9699,0.9649,0.9674,0.9942,0.9982,0.9965,0.9582,0.0254,0.024499999999999966,0.029100000000000015
