row_index,value
-1.4536574427659594,
-1.406765267192864,
-1.3973868320782448,
-1.322359351161292,
-1.1441690839835292,
-0.6658688931379556,
-0.2532177480947155,
0.0,
0.1312980916046673,
0.1875687022923818,
0.1969471374070009,
0.4314080152724782,
0.6377335877940983,
0.7877885496280038,
1.0691416030665766,
1.219196564900482,
1.425522137422102,
1.5568202290267694,
