feature,MI
row_index,1.1102230246251565e-16
value,1.1102230246251565e-16
