metric,value,tenure_years,metric_encoded,value_scaled,tenure_years_scaled,overall_risk_score
total_candidates,12.0,24.0,4,1.9999999999999996,0.8670294915463584,0.2273
passed_qc,0.0,29.0,1,-0.4999999999999999,1.4691333051202184,0.0
flagged,0.0,7.0,0,-0.4999999999999999,-1.180123474604766,1.0
success_rate_pct,0.0,13.0,2,-0.4999999999999999,-0.45759889831613376,0.7273
top_issue_category,,11.0,3,-0.4999999999999999,-0.6984404237456778,0.8182
