actual,predicted,probability
0,0,1.0000000036274914e-15
0,0,1.0000000036274914e-15
0,0,1.0000000036274914e-15
