,count,mean,std,min,25%,50%,75%,max
basket_value,40083.0,523.2387455529777,1517.2681680773244,0.19,151.95,304.3,504.795,168469.6
basket_quantity,40083.0,284.9165731107951,1200.2210370274217,1.0,66.0,149.0,292.0,87167.0
unique_items,40083.0,24.862260808821695,42.176901698944725,1.0,6.0,15.0,28.0,1110.0
item_diversity,40083.0,0.9774895863982327,0.08067868697468525,0.1428571428571428,1.0,1.0,1.0,1.0
