segment,customers,avg_recency,avg_frequency,avg_monetary,revenue
Champions,1292,19.726006191950464,17.13003095975232,9355.598099845201,12087432.745
Loyal,978,170.53987730061348,7.918200408997955,3083.8861728016363,3016040.677
Potential,1097,52.922515952598,2.7830446672743845,1197.450577939836,1313603.284
Lost,2013,367.71783407848983,1.2468951813214109,400.75997615499256,806729.832
At Risk,498,387.3152610441767,3.072289156626506,1043.4189558232931,519622.64
