segment,customers,avg_recency,avg_frequency,avg_monetary,revenue
Champions,1294,25.783616692426584,17.965996908809892,9894.416799072642,12803375.338
Loyal,1354,95.94460856720828,5.5901033973412115,2315.828556868538,3135631.866
Potential,1453,201.77288368891948,2.7040605643496214,868.8030433585684,1262370.822
At Risk,972,319.40432098765433,1.412551440329218,393.38188374485594,382367.191
Lost,805,517.4149068322981,1.0559006211180124,198.3651689440994,159683.961
