model,rmse,mae,r2
linear_regression,9792.39301832238,2586.799553481743,0.41149196122437837
dummy_mean,12765.694953356266,3239.31448696242,-0.000146577473987497
