task,model,roc_auc,pr_auc,f1,n_test,mae,r2
churn,logistic_churn,0.8060689655172414,0.6880013381459257,0.6892488954344624,1470,,
churn,rf_churn,0.816536398467433,0.6933683928248656,0.7064973861090366,1470,,
high_value,rf_high_value,0.9902702577629691,0.9589599081796407,0.8892455858747994,1470,,
clv_proxy,rf_regressor,,,,1470,1188.6029075740212,0.5238309406932435
